School Type,Facility Address,County,Facility Number,School District or Name,MMR Vaccination Rate,Age Group
,,Adair,2673,Nodaway Valley Middle School,96.97,K-12
,,Adair,2673,Nodaway Valley High School,91.67,K-12
,,Adair,2673,Nodaway Valley Elementary School,96.38,K-12
,,Adams,1431,Corning Elementary School,98.89,K-12
,,Adams,1431,Southwest Valley High School,97.01,K-12
,,Allamakee,1972,New Albin Elementary School,92.17,K-12
,,Allamakee,135,St Patrick School-Waukon,91.98,K-12
,,Allamakee,135,West Campus Elementary School,93.78,K-12
,,Allamakee,135,East Campus Elementary School,96.55,K-12
,,Allamakee,135,Waukon Middle School,94.46,K-12
,,Allamakee,5310,Cora B Darling Elementary School,93.95,K-12
,,Allamakee,5310,John R Mott Jr/High School,92.08,K-12
,,Allamakee,135,Waukon High School,92.89,K-12
,,Appanoose,4491,Moravia Elementary School,91.46,K-12
,,Appanoose,4491,Moravia High School,79.69,K-12
,,Appanoose,1071,Howar Junior High School,87.95,K-12
,,Appanoose,1071,Centerville High School,88.35,K-12
,,Appanoose,1071,Lakeview Elementary-Centerville,90.75,K-12
,,Audubon,2151,ExiraElk Horn-Kimballton Elementary,92.42,K-12
,,Audubon,414,Audubon Middle-High School,98.01,K-12
,,Benton,609,Keystone Elementary School,92.91,K-12
,,Benton,609,Central Lutheran School,81.82,K-12
,,Benton,576,Belle Plaine Jr/Sr High School,93.84,K-12
,,Benton,609,Benton Community Middle School,92.59,K-12
,,Benton,6660,Shellsburg Elementary School,94.64,K-12
,,Benton,576,Longfellow Elementary School-Belle Plaine,92.42,K-12
,,Benton,1062,Center Point-Urbana Intermediate School,97.47,K-12
,,Benton,609,Atkins Elementary School,93.01,K-12
,,Benton,609,Norway Elementary School,95.01,K-12
,,Benton,6660,Vinton-Shellsburg Middle School,94.72,K-12
,,Benton,6660,Vinton-Shellsburg High School,93.49,K-12
,,Benton,609,Benton Community Senior High School,93.5,K-12
,,Benton,6660,Tilford Elementary School,91.5,K-12
,,Black Hawk,1044,Valley Lutheran School,85.42,K-12
,,Black Hawk,6795,Waterloo Christian Sch School System,79.29,K-12
,,Black Hawk,6795,Waterloo Christian High School,81.18,K-12
,,Black Hawk,1908,Dunkerton Elementary,95.91,K-12
,,Black Hawk,6795,Blessed Maria Assunta Pallotta Middle School,97.71,K-12
,,Black Hawk,1044,St Patrick School-Cedar Falls,98.3,K-12
,,Black Hawk,6795,Immaculate Conception- St Joseph,97.4,K-12
,,Black Hawk,1908,Dunkerton High School,95.63,K-12
,,Black Hawk,6795,Don Bosco High School,96.26,K-12
,,Black Hawk,6795,Columbus Catholic High School,96.97,K-12
,,Black Hawk,6536,La Porte City Elementary School,93.99,K-12
,,Black Hawk,1044,North Cedar Elementary School,95.7,K-12
,,Black Hawk,6795,Sant Edward Elementary School,96.92,K-12
,,Black Hawk,6795,Lowell Elementary School,96.5,K-12
,,Black Hawk,6795,Kingsley Elementary School-Waterloo,97.18,K-12
,,Black Hawk,6795,Cunningham School,93.67,K-12
,,Black Hawk,6795,Irving Elementary School-Waterloo,89.92,K-12
,,Black Hawk,3042,Hudson Elementary School,98.01,K-12
,,Black Hawk,6795,Fred Becker Elementary School,95.72,K-12
,,Black Hawk,1044,Cedar Heights Elementary School,95.97,K-12
,,Black Hawk,1044,Lincoln Elementary School-Cedar Falls,95.09,K-12
,,Black Hawk,6795,Highland Elementary School,96.04,K-12
,,Black Hawk,1044,Orchard Hill Elementary School,96.97,K-12
,,Black Hawk,3042,Hudson High School,97.27,K-12
,,Black Hawk,1044,Bess Streeter Aldrich Elementary School,97.52,K-12
,,Black Hawk,6795,George Washington Carver Academy,97.54,K-12
,,Black Hawk,6795,Lou Henry Elementary School,94.52,K-12
,,Black Hawk,6795,Lincoln Elementary School-Waterloo,92.14,K-12
,,Black Hawk,6795,Orange Elementary School,96.98,K-12
,,Black Hawk,6795,Central Middle School,97.87,K-12
,,Black Hawk,6795,Bunger Middle School,93.01,K-12
,,Black Hawk,1044,Southdale Elementary School,96.93,K-12
,,Black Hawk,6795,Kittrell Elementary School,97.5,K-12
,,Black Hawk,1044,Helen A Hansen Elementary School,98.17,K-12
,,Black Hawk,6795,Expo Alternative Learning Center,95.85,K-12
,,Black Hawk,1044,Holmes Junior High School,97.93,K-12
,,Black Hawk,1044,Peet Junior High School,97.41,K-12
,,Black Hawk,6795,Hoover Middle School,98.45,K-12
,,Black Hawk,6795,East High School-Waterloo,95.3,K-12
,,Black Hawk,1044,Cedar Falls High School,92.31,K-12
,,Black Hawk,6795,West High School-Waterloo,95.78,K-12
,,Boone,729,Trinity Lutheran School-Boone,94.74,K-12
,,Boone,4878,Ogden Middle School,98.85,K-12
,,Boone,6561,United Community School,97.65,K-12
,,Boone,4878,Ogden High School,93.21,K-12
,,Boone,729,Ledges Elementary,96.13,K-12
,,Boone,4878,Ogden Elementary School,98.37,K-12
,,Boone,729,Franklin Elementary School-Boone,96.67,K-12
,,Boone,3942,Madrid Elementary School,95.39,K-12
,,Boone,729,Boone Middle School,95.14,K-12
,,Boone,729,Boone High School,95.89,K-12
,,Bremer,6762,Readlyn Elementary School,95.45,K-12
,,Bremer,6840,St Pauls Lutheran School-Waverly,82.12,K-12
,,Bremer,6840,Southeast Elementary School,95.81,K-12
,,Bremer,6471,Tripoli Middle/Sr High School,94.05,K-12
,,Bremer,6273,Durant Elementary School-Sumner,93.06,K-12
,,Bremer,6471,Tripoli Elementary School,94.54,K-12
,,Bremer,3186,Janesville Junior-Senior High School,93.75,K-12
,,Bremer,1719,Denver Middle School,95.54,K-12
,,Bremer,6840,West Cedar Elementary School,96.89,K-12
,,Bremer,3186,Janesville Elementary School,80.43,K-12
,,Bremer,6840,Margaretta Carey Elementary School,97.46,K-12
,,Bremer,6273,Sumner-Fredericksburg HS,98.38,K-12
,,Bremer,1719,Denver Senior High School,96.75,K-12
,,Bremer,6762,Wapsie Valley Jr./Sr. High School,92.18,K-12
,,Bremer,1719,K-5 Elementary School Lincoln Street Building,95.7,K-12
,,Bremer,6840,Waverly-Shell Rock Middle School,94.44,K-12
,,Bremer,6840,Waverly-Shell Rock Senior High School,92.37,K-12
,,Buchanan,3105,St John Elementary School,94.4,K-12
,,Buchanan,1963,East Buchanan Middle School,95.38,K-12
,,Buchanan,1963,East Buchanan High School,94.29,K-12
,,Buchanan,6762,Fairbank Elementary School,96.59,K-12
,,Buchanan,1963,East Buchanan Elementary School,95.32,K-12
,,Buchanan,3204,Jesup Middle School,96.37,K-12
,,Buchanan,3105,East Elementary School-Independence,95.52,K-12
,,Buchanan,3204,Jesup High School,92.95,K-12
,,Buchanan,3204,Jesup Elementary School,95.65,K-12
,,Buchanan,3105,West Elementary School-Independence,98.14,K-12
,,Buchanan,3105,Independence Junior Senior High School,95.35,K-12
,,Buena Vista,6035,Sioux Central Elementary School,100,K-12
,,Buena Vista,4644,Newell-Fonda Middle Sch.,87.97,K-12
,,Buena Vista,4644,Newell-Fonda High School,94.48,K-12
,,Buena Vista,6035,Sioux Central Middle School,98.36,K-12
,,Buena Vista,6219,Storm Lake Early Elementary School,89.45,K-12
,,Buena Vista,171,Alta-Aurelia High School,91.67,K-12
,,Buena Vista,171,Alta Elementary School,89.38,K-12
,,Buena Vista,6219,St Mary's Catholic Schools,91.32,K-12
,,Buena Vista,4644,Newell-Fonda Elementary,95.95,K-12
,,Buena Vista,6035,Sioux Central High,99.62,K-12
,,Buena Vista,6219,Storm Lake Elementary,95.8,K-12
,,Buena Vista,6219,Storm Lake High School,87.62,K-12
,,Buena Vista,6219,Storm Lake Middle School,89.55,K-12
,,Butler,1215,Clarksville High School,92.38,K-12
,,Butler,6840,Shell Rock Elementary School,97.04,K-12
,,Butler,279,Parkersburg Elementary School,96.08,K-12
,,Butler,1215,Clarksville Elementary School,92.74,K-12
,,Butler,279,Aplington Parkersburg Middle School,95.58,K-12
,,Butler,279,Aplington Elementary School,96.74,K-12
,,Butler,153,North Butler Elementary,93.78,K-12
,,Butler,153,North Butler Jr Sr High School,94.53,K-12
,,Butler,279,Aplington Parkersburg High School,93.16,K-12
,,Butler,1791,Dike-New Hartford Junior High School,95.14,K-12
,,Calhoun,6096,Southeast Valley Elementary School,92.75,K-12
,,Calhoun,6091,SCC High School,93.44,K-12
,,Calhoun,6091,South Central Calhoun Elementary School,96.8,K-12
,,Calhoun,6091,South Central Calhoun Middle School,98.17,K-12
,,Calhoun,4023,Manson Northwest Webster Junior High/High School,95,K-12
,,Carroll,2520,Glidden-Ralston Jr-Sr High School,86.16,K-12
,,Carroll,1413,CR-B Elementary School,94.3,K-12
,,Carroll,3168,IKM-Manning High School,96.92,K-12
,,Carroll,2520,Glidden-Ralston Elementary School,94.9,K-12
,,Carroll,1413,Coon Rapids-Bayard 6-12 Attendance Center,94.98,K-12
,,Carroll,999,Adams Elementary School-Carroll,99.57,K-12
,,Carroll,3168,IKM-Manning Middle School,96.47,K-12
,,Carroll,999,Fairview Elementary School-Carroll,95.48,K-12
,,Carroll,999,Carroll Middle School,97.83,K-12
,,Carroll,999,Carroll High School,93.66,K-12
,,Carroll,999,Kuemper Catholic School System,94.63,K-12
,,Cass,914,CAM Elementary School,96.51,K-12
,,Cass,2718,Griswold Elementary,91.01,K-12
,,Cass,2718,Griswold Middle/High School,96.35,K-12
,,Cass,914,Iowa Connections Academy Elementary,83,K-12
,,Cass,914,CAM Jr/Sr High School,97.01,K-12
,,Cass,387,Schuler Elementary School,94.07,K-12
,,Cass,914,Iowa Connections Academy Middle School,83.8,K-12
,,Cass,387,Atlantic Middle School,88.27,K-12
,,Cass,387,Washington Elementary School-Atlantic,87.61,K-12
,,Cass,387,Atlantic High School,88.27,K-12
,,Cass,914,Iowa Connections Academy High School,87.18,K-12
,,Cedar,3691,North Cedar Mechanicsville Elem Ctr,96.67,K-12
,,Cedar,3691,North Cedar Lowden Elementary Center,98.71,K-12
,,Cedar,6930,West Branch Middle School,97.86,K-12
,,Cedar,6930,West Branch High School,94.98,K-12
,,Cedar,6408,Tipton Middle School,97.38,K-12
,,Cedar,3691,North Cedar Jr Sr High School,95.62,K-12
,,Cedar,6408,Tipton Elementary School,96.76,K-12
,,Cedar,1926,Durant Elementary School,91.94,K-12
,,Cedar,6408,Tipton High School,97.44,K-12
,,Cedar,6930,Hoover Elementary School-West Branch,97.85,K-12
,,Cedar,1926,Durant Jr/Sr High School,93.77,K-12
,,Cerro Gordo,1233,Clear Lake Classical School,53.62,K-12
,,Cerro Gordo,4131,Newman Catholic School System,94.38,K-12
,,Cerro Gordo,4131,Newman Catholic High School,96.57,K-12
,,Cerro Gordo,4131,Harding Elementary School,97.96,K-12
,,Cerro Gordo,4131,Newman Catholic Elementary School,98.46,K-12
,,Cerro Gordo,4131,Hoover Elementary School-Mason City,98.5,K-12
,,Cerro Gordo,4131,Jefferson Elementary School-Mason City,96.74,K-12
,,Cerro Gordo,5922,West Fork Elementary at Rockwell,96.81,K-12
,,Cerro Gordo,1233,Clear Lake Middle School School,93.94,K-12
,,Cerro Gordo,4131,Roosevelt Elementary School-Mason City,95.57,K-12
,,Cerro Gordo,1233,Clear Lake High School,96.15,K-12
,,Cerro Gordo,4131,John Adams Middle School,93.62,K-12
,,Cerro Gordo,4131,Lincoln Intermediate,98.17,K-12
,,Cerro Gordo,1233,Clear Creek Elementary School,91.45,K-12
,,Cerro Gordo,4131,Mason City High School,96.82,K-12
,,Cherokee,4068,MMCRU Marcus Elem,95.1,K-12
,,Cherokee,1975,River Valley Elementary,95.8,K-12
,,Cherokee,4068,MMCRU High School,90.19,K-12
,,Cherokee,171,Alta-Aurelia Middle School,93.36,K-12
,,Cherokee,1152,Cherokee Middle School,89.89,K-12
,,Cherokee,1152,Washington High School-Cherokee,91.8,K-12
,,Cherokee,1152,Cherokee Elementary School,91.25,K-12
,,Chickasaw,4599,Nashua-Plainfield Elementary School,97.99,K-12
,,Chickasaw,4662,New Hampton Middle School,94.35,K-12
,,Chickasaw,4599,Nashua-Plainfield Junior-SeniorHigh School,95.18,K-12
,,Chickasaw,6273,Fredericksburg Elem School,95.18,K-12
,,Chickasaw,4662,New Hampton High School,94.64,K-12
,,Chickasaw,4662,New Hampton Elementary School,94.21,K-12
,,Clarke,4572,Murray Elementary School,91.34,K-12
,,Clarke,4572,Murray Jr/Sr High School,87.73,K-12
,,Clarke,1211,Clarke Community Middle School,94.51,K-12
,,Clarke,1211,Clarke Community High School,94.53,K-12
,,Clarke,1211,Clarke Community Elementary School,93.07,K-12
,,Clay,6102,Iowa Great Lakes Lutheran School,89.08,K-12
,,Clay,6102,Sacred Heart School-Spencer,97.32,K-12
,,Clay,6102,Johnson Elementary,94.55,K-12
,,Clay,6102,Fairview Park Elementary,96.12,K-12
,,Clay,6102,Lincoln Elementary School-Spencer,96.96,K-12
,,Clay,6102,Spencer Middle School,95.24,K-12
,,Clay,6102,Spencer High School,95.76,K-12
,,Clayton,6175,Starmont Middle School,97.52,K-12
,,Clayton,2763,Clayton Ridge Middle School,94.24,K-12
,,Clayton,2763,Clayton Ridge High School,95.56,K-12
,,Clayton,6175,Starmont High School,97.24,K-12
,,Clayton,1080,Central Community Jr-Sr High School,88.24,K-12
,,Clayton,6175,Starmont Elementary School,95.63,K-12
,,Clayton,4419,MFL MarMac Elementary School,92.21,K-12
,,Clayton,1080,Central Elementary,94.35,K-12
,,Clayton,2763,Clayton Ridge Elementary School,98.8,K-12
,,Clayton,4419,MFL Marmac HS,81.02,K-12
,,Clayton,4419,MFL MarMac Middle School,87.13,K-12
,,Clayton,2763,Iowa Virtual Academy,71.79,K-12
,,Clinton,1278,Prince of Peace Catholic Elementary Building,73.39,K-12
,,Clinton,1675,Delwood Elementary School,97.66,K-12
,,Clinton,1082,St Joseph School-DeWitt,88,K-12
,,Clinton,918,Calamus-Wheatland Elem Attendance Center,96.92,K-12
,,Clinton,918,Calamus-Wheatland Sec Attendance Center,85.65,K-12
,,Clinton,1082,Central Middle School-DeWitt,89.63,K-12
,,Clinton,936,Camanche Middle School,95.59,K-12
,,Clinton,936,Camanche High School,88.93,K-12
,,Clinton,1278,Whittier Elementary School-Clinton,92.11,K-12
,,Clinton,936,Camanche Elementary School,96,K-12
,,Clinton,1278,Jefferson Elementary School-Clinton,90.8,K-12
,,Clinton,1082,Central Intermediate School,94.01,K-12
,,Clinton,4773,Northeast Elementary School-Goose Lake,91.09,K-12
,,Clinton,1278,Bluff Elementary School,93.59,K-12
,,Clinton,1278,Eagle Heights Elementary School,93.98,K-12
,,Clinton,1082,Ekstrand Elementary School,93.75,K-12
,,Clinton,4773,Northeast Middle-High School,94.57,K-12
,,Clinton,1082,Central High School-DeWitt,94.51,K-12
,,Clinton,1278,Clinton Middle School,95.75,K-12
,,Clinton,1278,Clinton High School,85.96,K-12
,,Crawford,355,Westside Junior-Senior High School,94.59,K-12
,,Crawford,355,Ar-We-Va Elementary Community School,93.5,K-12
,,Crawford,1917,Boyer Valley Elementary School,95.12,K-12
,,Crawford,1701,Broadway Elementary School,98.92,K-12
,,Crawford,1701,Denison Middle School,98.98,K-12
,,Crawford,1701,Denison Elementary School,97.9,K-12
,,Crawford,1701,Denison High School,97.68,K-12
,,Dallas,7110,Woodward-Granger Early Learning Center ,95.83,K-12
,,Dallas,1576,Dallas Center Elementary,95.05,K-12
,,Dallas,6264,Dexter Elementary School,96.15,K-12
,,Dallas,6264,West Central Valley Middle School,94.21,K-12
,,Dallas,7110,Woodward-Granger Middle School,99.16,K-12
,,Dallas,6615,Van Meter Middle School,96.27,K-12
,,Dallas,7110,Woodward-Granger High School,96.67,K-12
,,Dallas,6615,Van Meter High School,95.72,K-12
,,Dallas,27,Adel Elementary School,93.06,K-12
,,Dallas,27,DeSoto Intermediate School,96.41,K-12
,,Dallas,27,ADM Middle School,97.69,K-12
,,Dallas,7110,Woodward-Granger Elementary School,96.84,K-12
,,Dallas,5184,Perry Middle School,96.72,K-12
,,Dallas,6822,Trailridge Middle School,98.84,K-12
,,Dallas,6822,Maple Grove Elementary,97.52,K-12
,,Dallas,27,Meadow View Elementary ,96.02,K-12
,,Dallas,6615,Van Meter Elementary School,96.12,K-12
,,Dallas,1576,Dallas Center-Grimes Middle School,97.41,K-12
,,Dallas,6822,Woodland Hills,96.52,K-12
,,Dallas,1576,DC-G Oak View,97.23,K-12
,,Dallas,5184,Perry High School,96.08,K-12
,,Dallas,6822,Walnut Hills Elementary,98.14,K-12
,,Dallas,6822,Eason Elementary,96.44,K-12
,,Dallas,6822,Brookview Elementary,94.33,K-12
,,Dallas,6822,Shuler Elementary,97.05,K-12
,,Dallas,6822,Grant Ragen Elementary School,95.63,K-12
,,Dallas,6822,Sugar Creek Elementary,96.44,K-12
,,Dallas,6822,St Francis of Assisi School,97.23,K-12
,,Dallas,27,ADM Senior High School,95.52,K-12
,,Dallas,6822,Waukee Middle School,98.13,K-12
,,Dallas,6822,Waukee Elementary School,96.75,K-12
,,Dallas,5184,Perry Elementary,93.41,K-12
,,Dallas,6822,Radiant Elementary,97.49,K-12
,,Dallas,6822,Waukee South MS,95.97,K-12
,,Dallas,6822,Timberline School,95.5,K-12
,,Dallas,1576,Dallas Center-Grimes High School,93.22,K-12
,,Dallas,6822,Prairieview School,97.51,K-12
,,Dallas,6822,Waukee Senior High School,91.65,K-12
,,Dallas,6822,Northwest High School,95.23,K-12
,,Davis,1619,Davis County Middle School,95.97,K-12
,,Davis,1619,Davis County Elementary,95.43,K-12
,,Davis,1619,Davis County Community High School,87.87,K-12
,,Decatur,4505,Mormon Trail Jr-Sr High School,85.05,K-12
,,Decatur,1093,South Elementary School,83.58,K-12
,,Decatur,3465,Lamoni Elementary School,86.14,K-12
,,Decatur,1093,North Elementary School,96.07,K-12
,,Decatur,1093,Central Decatur MS/Sr High School,89.78,K-12
,,Delaware,4043,Johnston Elementary School,96.08,K-12
,,Delaware,1989,Edgewood-Colesburg High School,100,K-12
,,Delaware,4043,Maquoketa Valley Senior High School,97.67,K-12
,,Delaware,6950,St Marys School-Manchester,97.24,K-12
,,Delaware,1989,Edgewood-Colesburg Elementary School,98.08,K-12
,,Delaware,4043,Maquoketa Valley Middle School,98.28,K-12
,,Delaware,6950,West Delaware Middle School,96.77,K-12
,,Delaware,6950,Lambert Elementary School,96.36,K-12
,,Delaware,6950,West Delaware High School,97.89,K-12
,,Des Moines,882,Notre Dame Elementary School-Burlington,82.04,K-12
,,Des Moines,4203,Middle School,95.48,K-12
,,Des Moines,882,Notre Dame High School,78.26,K-12
,,Des Moines,882,North Hill Elementary School,93.47,K-12
,,Des Moines,882,Black Hawk Elementary School,96.47,K-12
,,Des Moines,882,James Wilson Grimes School,96.47,K-12
,,Des Moines,1602,Danville Elementary School,94.3,K-12
,,Des Moines,4203,Mediapolis High School,86.79,K-12
,,Des Moines,882,Sunnyside Elementary School-Des Moines,94.04,K-12
,,Des Moines,1602,Danville Junior-Senior High School,90.68,K-12
,,Des Moines,6937,West Burlington Elem School,93.94,K-12
,,Des Moines,4203,Mediapolis Elementary School,92.57,K-12
,,Des Moines,882,Aldo Leopold Middle School,97.81,K-12
,,Des Moines,6937,West Burlington Arnold Jr/Sr High School,90.06,K-12
,,Des Moines,882,Edward Stone Middle School,94.71,K-12
,,Des Moines,882,Burlington Community High School,96.7,K-12
,,Dickinson,2556,Graettinger-Terril Elementary School,90,K-12
,,Dickinson,2846,Harris-Lake Park Elementary School,98.65,K-12
,,Dickinson,2846,Harris-Lake Park High School,93.64,K-12
,,Dickinson,4890,Okoboji Middle School,94.35,K-12
,,Dickinson,4890,Okoboji High School,93.3,K-12
,,Dickinson,6120,Spirit Lake Middle School,89.54,K-12
,,Dickinson,6120,Spirit Lake High School,88.35,K-12
,,Dickinson,4890,Okoboji Elementary School,95.51,K-12
,,Dickinson,6120,Spirit Lake Elementary School,90.33,K-12
,,Dubuque,6961,Seton Catholic Elem Sch Peosta Center,93.22,K-12
,,Dubuque,1863,Tri-State Christian School (Secondary Campus),60.11,K-12
,,Dubuque,6961,Aquin Elementary School,96.76,K-12
,,Dubuque,1863,Alta Vista Campus,95.02,K-12
,,Dubuque,1863,Lincoln Elementary School-Dubuque,89.18,K-12
,,Dubuque,1863,Dubuque Online School,90.42,K-12
,,Dubuque,1863,Audubon Elementary School-Dubuque,91.77,K-12
,,Dubuque,6961,Farley Elementary School,96.73,K-12
,,Dubuque,1863,Our Lady of Guadalupe-Dubuque,93.68,K-12
,,Dubuque,6961,Cascade Elementary School,98.05,K-12
,,Dubuque,1863,Hoover Elementary School-Dubuque,93.96,K-12
,,Dubuque,1863,Sageville Elementary School,97.13,K-12
,,Dubuque,6961,St Francis Xavier School,94.62,K-12
,,Dubuque,6961,Dyersville Elementary School,96.53,K-12
,,Dubuque,1863,St Columbkille School,94.46,K-12
,,Dubuque,1863,Resurrection Elementary,95.55,K-12
,,Dubuque,1863,Bryant Elementary School-Dubuque,94.2,K-12
,,Dubuque,1863,Marshall Elementary School,97.09,K-12
,,Dubuque,6961,Beckman High School Beckman Catholic HS,94.59,K-12
,,Dubuque,6961,Epworth Elementary School,96.72,K-12
,,Dubuque,1863,Prescott Elementary School,93.88,K-12
,,Dubuque,6961,Peosta Elementary School,95.94,K-12
,,Dubuque,1863,Mazzuchelli Catholic Middle School,94.15,K-12
,,Dubuque,1863,Irving Elementary School-Dubuque,95.53,K-12
,,Dubuque,6961,Cascade Junior-Senior High School,97.66,K-12
,,Dubuque,1863,Table Mound Elementary School,93.78,K-12
,,Dubuque,1863,Thomas Jefferson Middle School,95.99,K-12
,,Dubuque,1863,Wahlert Catholic High School,96.04,K-12
,,Dubuque,1863,Carver Elementary School,95.6,K-12
,,Dubuque,1863,John Kennedy Elementary School,96.59,K-12
,,Dubuque,1863,Eisenhower Elementary School-Dubuque,96.32,K-12
,,Dubuque,1863,George Washington Middle School,95.7,K-12
,,Dubuque,6961,Drexler Middle School,97.59,K-12
,,Dubuque,6961,Western Dubuque High School,96.88,K-12
,,Dubuque,1863,Eleanor Roosevelt Middle School,96.16,K-12
,,Dubuque,1863,Dubuque Senior High School,96.51,K-12
,,Dubuque,1863,Hempstead High School,95.9,K-12
,,Emmet,333,North Union High School,96.2,K-12
,,Emmet,2124,Estherville Lincoln Central Middle School,97.76,K-12
,,Emmet,2124,Estherville Lincoln Central High School,96.48,K-12
,,Emmet,2124,Demoney Elementary School,95.35,K-12
,,Fayette,4774,West Union Elementary School,91.89,K-12
,,Fayette,6943,West Central K - 8 School,96.63,K-12
,,Fayette,4774,North Fayette Valley Middle School,94.04,K-12
,,Fayette,4774,Valley Elementary School,94.83,K-12
,,Fayette,4869,Wings Park Elementary School,94.12,K-12
,,Fayette,4774,North Fayette Valley High School,93.96,K-12
,,Fayette,4869,Oelwein High School,88.92,K-12
,,Fayette,4869,Oelwein Middle School,93.5,K-12
,,Floyd,4772,Central Springs Middle School,96.49,K-12
,,Floyd,1116,Immaculate Conception School,92.31,K-12
,,Floyd,5697,Rockford Junior-Senior Rockford Senior High,85.71,K-12
,,Floyd,1116,Washington Elementary School-Charles City,93.88,K-12
,,Floyd,5697,RRMR Elementary School,97.03,K-12
,,Floyd,4772,Central Springs Elem. School - Nora Springs,97.03,K-12
,,Floyd,1116,Lincoln Elementary School-Charles City,94.97,K-12
,,Floyd,1116,Charles City Middle Sch.,89.2,K-12
,,Floyd,1116,Charles City High School,87.04,K-12
,,Franklin,916,CAL Elementary School,97.9,K-12
,,Franklin,2781,South Side Elementary School,95.29,K-12
,,Franklin,2781,Hampton-Dumont Middle School,94.13,K-12
,,Franklin,5922,West Fork High School,95.8,K-12
,,Franklin,2781,Hampton-Dumont High School,91.4,K-12
,,Fremont,6003,Sidney High School,95.71,K-12
,,Fremont,2369,Fremont-Mills Elementary School,93.98,K-12
,,Fremont,2369,Fremont-Mills Middle And Senior High School,87.73,K-12
,,Fremont,6003,Sidney Elementary School,78.17,K-12
,,Greene,3195,Greene County Middle School,96.51,K-12
,,Greene,3195,Greene County High School,94.81,K-12
,,Greene,3195,Greene County Elementary,91.8,K-12
,,Grundy,9,AGWSR Middle School,90.97,K-12
,,Grundy,540,BCLUW Elementary School,98.05,K-12
,,Grundy,540,BCLUW High School,98.86,K-12
,,Grundy,2502,Gladbrook-Reinbeck Jr High & High School,94.92,K-12
,,Grundy,2727,Grundy Center Middle School,96.31,K-12
,,Grundy,2502,Gladbrook-Reinbeck Elementary School,96.67,K-12
,,Grundy,2727,Grundy Center High School,93.12,K-12
,,Grundy,1791,Dike Elementary School,98.47,K-12
,,Grundy,2727,Grundy Center Elementary School,98.11,K-12
,,Grundy,1791,Dike-New Hartford High School,97.57,K-12
,,Guthrie,5121,Panorama Middle School,90.54,K-12
,,Guthrie,6264,Stuart Elementary School,82.42,K-12
,,Guthrie,2754,Guthrie Center High School,96.92,K-12
,,Guthrie,2754,Guthrie Center Elementary School,95.85,K-12
,,Guthrie,18,Adair-Casey Elementary School,94.35,K-12
,,Guthrie,5121,Panorama High School,92.64,K-12
,,Guthrie,6264,West Central Valley High School,87.12,K-12
,,Guthrie,5121,Panorama Elementary,95.79,K-12
,,Hamilton,6867,Northeast Hamilton Elementary,89.66,K-12
,,Hamilton,6867,Pleasant View Elementary School,90.82,K-12
,,Hamilton,6095,South Hamilton Elem,95.65,K-12
,,Hamilton,6867,Sunset Heights Elementary School,95.67,K-12
,,Hamilton,6095,South Hamilton Middle And High School,91.94,K-12
,,Hamilton,6867,Webster City Middle School,97.48,K-12
,,Hamilton,6867,Webster City High School,95.55,K-12
,,Hancock,819,West Hancock Middle School,98.82,K-12
,,Hancock,819,West Hancock High School,97.66,K-12
,,Hancock,819,West Hancock Elementary School,97.38,K-12
,,Hancock,2403,Garner-Hayfield-Ventura Junior High,95.04,K-12
,,Hancock,2403,Garner-Hayfield-Ventura High School,95.99,K-12
,,Hancock,2403,Garner-Hayfield-Ventura Elementary School,96.14,K-12
,,Hardin,108,Alden Elementary School,91.6,K-12
,,Hardin,540,BCLUW Middle School,94.07,K-12
,,Hardin,3033,Hubbard-Radcliffe Elementary School,95.78,K-12
,,Hardin,540,Choice Charter,84.36,K-12
,,Hardin,9,AGWSR High School,93.68,K-12
,,Hardin,3150,Pineview Elementary,81.12,K-12
,,Hardin,9,AGWSR Elementary School,98.54,K-12
,,Hardin,3033,South Hardin Middle School,93.95,K-12
,,Hardin,2007,Eldora-New Providence Elementary School,95.52,K-12
,,Hardin,2007,South Hardin High School,98.35,K-12
,,Hardin,3150,Riverbend Middle School,84.05,K-12
,,Hardin,3150,Rock Run Elementary,87.71,K-12
,,Hardin,3150,Iowa Falls - Alden High School,82.43,K-12
,,Harrison,6969,West Harrison Middle School/High School,94.26,K-12
,,Harrison,4356,Missouri Valley Middle School,97.99,K-12
,,Harrison,6969,West Harrison Elementary,96.84,K-12
,,Harrison,7092,Woodbine High School,94.61,K-12
,,Harrison,1917,Boyer Valley Middle/High School,90.18,K-12
,,Harrison,4356,Missouri Valley High School,90.53,K-12
,,Harrison,3798,Logan-Magnolia Jr-Sr High School,93.27,K-12
,,Harrison,4356,Missouri Valley Elementary,96.52,K-12
,,Harrison,7092,Woodbine Elementary School,93.99,K-12
,,Harrison,3798,Logan-Magnolia Elementary School,93.22,K-12
,,Henry,4536,Mount Pleasant Comm School District,51.72,K-12
,,Henry,7047,Winfield Elementary School,98.8,K-12
,,Henry,7047,Winfield-Mt Union Jr-Sr High School,97.04,K-12
,,Henry,4536,Lincoln Elementary School-Mount Pleasant,92.82,K-12
,,Henry,4536,Harlan Elementary School,96.23,K-12
,,Henry,4536,Van Allen Elementary School,95.15,K-12
,,Henry,4689,Clark Elementary School-New London,93.43,K-12
,,Henry,6700,WACO High School,90.25,K-12
,,Henry,4689,New London Jr-Sr High School,92.76,K-12
,,Henry,4536,Mount Pleasant Middle School,96.81,K-12
,,Henry,4536,Mount Pleasant High School,94.27,K-12
,,Howard,5508,Riceville High School,96.55,K-12
,,Howard,3029,Notre Dame Elementary School,93.16,K-12
,,Howard,5508,Riceville Elementary School,97.12,K-12
,,Howard,3029,Crestwood High School,94.25,K-12
,,Howard,3029,Crestwood Elementary School,96.41,K-12
,,Humboldt,3060,St Mary School,92,K-12
,,Humboldt,3060,Taft Elementary School,95.64,K-12
,,Humboldt,3060,Humboldt Middle School,97.45,K-12
,,Humboldt,3060,Humboldt High School,96.15,K-12
,,Ida,2376,Galva-Holstein Upper Elementary,94.5,K-12
,,Ida,2376,Galva-Holstein Elementary School,95.2,K-12
,,Ida,2376,Ridge View High School,91.74,K-12
,,Ida,4860,OABCIG Elementary School - Ida Grove,96.85,K-12
,,Ida,4860,OABCIG High School,96.26,K-12
,,Iowa,2766,H-L-V Junior-Senior High School,91.85,K-12
,,Iowa,2766,H-L-V Elementary School,95,K-12
,,Iowa,2097,English Valleys Elementary School,98.19,K-12
,,Iowa,3154,Iowa Valley Jr-Sr High School,95.5,K-12
,,Iowa,2097,English Valleys Jr-Sr High School,88.36,K-12
,,Iowa,3154,Iowa Valley Elementary School,95.52,K-12
,,Iowa,7029,Williamsburg Jr-Sr High School,93.74,K-12
,,Iowa,7029,Mary Welsh Elementary,95.27,K-12
,,Jackson,585,Marquette Catholic High School,87.07,K-12
,,Jackson,243,Andrew Elementary School,94.96,K-12
,,Jackson,4041,Sacred Heart School-Maquoketa,91.06,K-12
,,Jackson,585,Marquette Catholic Elementary,94.4,K-12
,,Jackson,4041,Briggs Elementary School,93.72,K-12
,,Jackson,1965,Easton Valley High School,90.09,K-12
,,Jackson,4041,Cardinal Elementary School-Maquoketa,82.13,K-12
,,Jackson,1965,Easton Valley Elementary School,92.37,K-12
,,Jackson,585,Bellevue Elementary School,96.42,K-12
,,Jackson,4041,Maquoketa Middle School,97.32,K-12
,,Jackson,585,Bellevue High School,91.28,K-12
,,Jackson,4041,Maquoketa Community High School,86.45,K-12
,,Jasper,3906,Lynnville-Sully Middle School,87.97,K-12
,,Jasper,5160,Monroe Elementary School,94.81,K-12
,,Jasper,3906,Lynnville-Sully High School,90.45,K-12
,,Jasper,513,Baxter Elementary School,94.39,K-12
,,Jasper,4725,Emerson Hough Elementary School - Newton,97.12,K-12
,,Jasper,3906,Lynnville-Sully Elementary School,94.27,K-12
,,Jasper,5160,PCM Middle School,95.9,K-12
,,Jasper,4725,Thomas Jefferson Elementary School,95.08,K-12
,,Jasper,4725,Woodrow Wilson Elementary School-Newton,95,K-12
,,Jasper,4725,Aurora Heights Elementary School - Newton,96.95,K-12
,,Jasper,513,Baxter High School,95.09,K-12
,,Jasper,5160,Prairie City Elementary School,97.12,K-12
,,Jasper,1332,Colfax-Mingo Jr/Sr High School,92.65,K-12
,,Jasper,1332,Colfax-Mingo Elementary School,94.46,K-12
,,Jasper,5160,PCM High School,92.39,K-12
,,Jasper,4725,Newton Senior High School,95.98,K-12
,,Jasper,4725,Berg Middle School - Newton,97.71,K-12
,,Jefferson,2169,Maharishi School Of The Age Of Enlightenment,36.36,K-12
,,Jefferson,2169,Washington Elementary School-Fairfield,85.02,K-12
,,Jefferson,5163,Pekin Community High School,92.78,K-12
,,Jefferson,5163,Pekin Elementary School,96.07,K-12
,,Jefferson,2169,Pence Elementary School,87.78,K-12
,,Jefferson,2169,Fairfield Middle School,83.04,K-12
,,Jefferson,2169,Fairfield High School,83.94,K-12
,,Johnson,4271,Hillcrest Academy ,70.87,K-12
,,Johnson,3141,Faith Academy,77.39,K-12
,,Johnson,3141,Iowa City Comm School District,85.04,K-12
,,Johnson,3141,Hills Elementary School,86.86,K-12
,,Johnson,3141,Heritage Christian-North Liberty,88.07,K-12
,,Johnson,3816,Lone Tree Elementary School,98.88,K-12
,,Johnson,3141,Bohumil Shimek Elementary School,96.17,K-12
,,Johnson,3141,ICCSD PK-12 Online Learning Program,87.17,K-12
,,Johnson,3141,Elizabeth Tate Alt. High School,74.11,K-12
,,Johnson,3816,Lone Tree Middle-Senior High School,97.6,K-12
,,Johnson,3141,Mark Twain Elementary,93.27,K-12
,,Johnson,3141,Horace Mann Elementary School,97.16,K-12
,,Johnson,6093,Solon Intermediate,96.79,K-12
,,Johnson,3141,Lincoln Elementary School-Iowa City,93.53,K-12
,,Johnson,3141,Kirkwood Elementary School,88.76,K-12
,,Johnson,3141,Robert Lucas Elementary School,94.34,K-12
,,Johnson,1221,Clear Creek Elementary School-Oxford,88.89,K-12
,,Johnson,6093,Solon Middle School,96.04,K-12
,,Johnson,3141,Wickham Elementary,96.8,K-12
,,Johnson,3141,Alexander Elementary,89.86,K-12
,,Johnson,1221,Tiffin Elementary,94.51,K-12
,,Johnson,1221,North Bend Elementary,91.95,K-12
,,Johnson,3141,Grant Wood Elementary School-Iowa City,93.84,K-12
,,Johnson,3141,Helen Lemme Elementary School,97.79,K-12
,,Johnson,3141,Longfellow Elementary School-Iowa City,94.28,K-12
,,Johnson,3141,Regina Jr Sr High School,55,K-12
,,Johnson,3141,James Van Allen Elementary School,97.54,K-12
,,Johnson,6093,Lakeview Elementary,94.67,K-12
,,Johnson,3141,Norman Borlaug Elementary School,94.33,K-12
,,Johnson,3141,Central Elementary School,94.87,K-12
,,Johnson,3141,Ernest Horn Elementary School,93.85,K-12
,,Johnson,3141,Buford Garner Elementary,94.78,K-12
,,Johnson,3141,Herbert Hoover Elementary-Iowa City,95.69,K-12
,,Johnson,6093,Solon High School,92.81,K-12
,,Johnson,3141,Christine Grant Elementary School,97.06,K-12
,,Johnson,3141,Regina Elementary School,94.34,K-12
,,Johnson,3141,Penn Elementary School,96.01,K-12
,,Johnson,3141,Weber Elementary,96.97,K-12
,,Johnson,3141,North Central Junior High School,95.67,K-12
,,Johnson,1221,Clear Creek Amana Middle School,96.26,K-12
,,Johnson,3141,Northwest Junior High School,95.77,K-12
,,Johnson,1221,Clear Creek Amana High School,93.14,K-12
,,Johnson,1221,Oak Hill Elementary,97.79,K-12
,,Johnson,3141,Southeast Junior High School,95.84,K-12
,,Johnson,3141,Liberty High School,92.48,K-12
,,Johnson,3141,West Senior High School,92.05,K-12
,,Johnson,3141,Iowa City High School,93.66,K-12
,,Jones,4446,Shannon Elementary School,96.77,K-12
,,Jones,4269,Midland Elementary,96.63,K-12
,,Jones,4446,Carpenter Elementary School,97.07,K-12
,,Jones,4269,Midland Middle/High School,96.09,K-12
,,Jones,234,Anamosa Middle School,93.31,K-12
,,Jones,234,Strawberry Hill,93.19,K-12
,,Jones,234,Anamosa High School,95.05,K-12
,,Jones,4446,Monticello Middle School,96.09,K-12
,,Keokuk,3330,Keota High School,81.02,K-12
,,Keokuk,3330,Keota Elementary School,90.6,K-12
,,Keokuk,6012,Sigourney Jr-Sr High Sch,90.07,K-12
,,Keokuk,6012,Sigourney Elementary,94.67,K-12
,,Kossuth,333,North Union Elementary,97.32,K-12
,,Kossuth,4778,North Kossuth Elementary School,94.74,K-12
,,Kossuth,4778,North Union Middle School,97.48,K-12
,,Kossuth,126,Lucia Wallace Elementary School,95.41,K-12
,,Kossuth,126,Bryant Elementary School-Algona,95.67,K-12
,,Kossuth,126,Bishop Garrigan Schools,90.24,K-12
,,Kossuth,126,Algona Middle School,94.27,K-12
,,Kossuth,126,Algona High School,95.88,K-12
,,Lee,2322,Holy Trinity High School Holy Trinity Jr-Sr. High,99.13,K-12
,,Lee,2322,Holy Trinity Elem,94.26,K-12
,,Lee,2322,Lincoln Elementary School-Fort Madison,95.73,K-12
,,Lee,2322,Richardson Elementary School,98.78,K-12
,,Lee,3312,George Washington Elementary School,97.67,K-12
,,Lee,1079,Central Lee Middle School,97.14,K-12
,,Lee,1079,Central Lee High School,95.9,K-12
,,Lee,3312,Keokuk Middle School,94.85,K-12
,,Lee,3312,Hawthorne Elementary School,97.62,K-12
,,Lee,2322,Fort Madison High School,95.64,K-12
,,Lee,3312,Keokuk High School,88.76,K-12
,,Lee,1079,Central Lee Elementary School,96.65,K-12
,,Lee,2322,Fort Madison Middle School,97.73,K-12
,,Linn,1053,City View High School,95.15,K-12
,,Linn,4777,North-Linn Middle School,98.1,K-12
,,Linn,3715,Compass Program,79.82,K-12
,,Linn,1053,Summit Schools Inc,71.17,K-12
,,Linn,1053,All Saints School,85.96,K-12
,,Linn,1053,LaSalle Catholic Middle School,87.59,K-12
,,Linn,4777,North-Linn Senior High School,98.08,K-12
,,Linn,1053,Madison Elementary School-Cedar Rapids,97.45,K-12
,,Linn,99,Alburnett Middle School,88.44,K-12
,,Linn,4086,St Joseph School,86.63,K-12
,,Linn,1053,LaSalle Catholic Elementary School,92.63,K-12
,,Linn,1053,St Matthew School,89.53,K-12
,,Linn,4086,Longfellow Elementary School-Marion,95.41,K-12
,,Linn,1089,Central City High School,95.94,K-12
,,Linn,1053,Cedar Valley Christian School,61.19,K-12
,,Linn,1053,Garfield Elementary School-Cedar Rapids,96.06,K-12
,,Linn,6138,Springville Secondary School,95.57,K-12
,,Linn,1089,Central City Elementary School,94.61,K-12
,,Linn,1053,Trinity Lutheran School-Cedar Rapids,88.83,K-12
,,Linn,4777,North Linn Elementary,97.31,K-12
,,Linn,1053,Arthur Elementary School,97.03,K-12
,,Linn,6138,Springville Elementary School,95,K-12
,,Linn,4086,Starry Elementary School,93.88,K-12
,,Linn,1053,Wright Elementary School-Cedar Rapids,96.37,K-12
,,Linn,99,Alburnett Senior High School,91.46,K-12
,,Linn,1053,Erskine Elementary School,95.05,K-12
,,Linn,4086,Francis Marion Intermediate School,96.48,K-12
,,Linn,1053,Harrison Elementary School-Cedar Rapids,94.74,K-12
,,Linn,1053,Nixon Elementary School,93.68,K-12
,,Linn,1053,Cedar River Academy at Taylor,94.5,K-12
,,Linn,1053,Cleveland Elementary School,91.44,K-12
,,Linn,1053,Grant Wood Elementary School-Cedar Rapids,95.29,K-12
,,Linn,3744,Lisbon Secondary,93.98,K-12
,,Linn,1062,Center Point-Urbana Primary School,96.33,K-12
,,Linn,3715,Wilkins Elementary School,95.02,K-12
,,Linn,1053,Grant Elementary School-Cedar Rapids,93.09,K-12
,,Linn,1053,Hiawatha Elementary School,96.38,K-12
,,Linn,3715,Novak Elementary School,93.89,K-12
,,Linn,1053,Regis Middle School,95.53,K-12
,,Linn,99,Alburnett Elementary School,93.08,K-12
,,Linn,1053,Pierce Elementary School,97.34,K-12
,,Linn,1053,Isaac Newton Christian Academy,77.71,K-12
,,Linn,1053,Johnson Elementary School,95.92,K-12
,,Linn,1053,St Pius X School,96.8,K-12
,,Linn,3715,Linn Grove Elementary School,96.25,K-12
,,Linn,1053,Kenwood Elementary School,95.42,K-12
,,Linn,1053,Metro High School,94.93,K-12
,,Linn,3715,Bowman Woods Elementary School,94.05,K-12
,,Linn,3715,Indian Creek Elementary School,97.35,K-12
,,Linn,1337,Prairie Heights Elementary School,97.12,K-12
,,Linn,1337,Prairie Crest Elementary School,97.14,K-12
,,Linn,1337,Prairie Ridge Elementary,97.4,K-12
,,Linn,3744,Lisbon Elementary School,92.01,K-12
,,Linn,1337,Prairie Hill Elementary School,97.7,K-12
,,Linn,1053,Hoover Elementary School-Cedar Rapids,86.26,K-12
,,Linn,1053,Van Buren Elementary School,83.08,K-12
,,Linn,1337,Prairie View Elementary School,94.78,K-12
,,Linn,1053,McKinley Middle School,92.72,K-12
,,Linn,4554,Mount Vernon Middle School,94.43,K-12
,,Linn,3715,Westfield Elementary School,96.08,K-12
,,Linn,1062,Center Point-Urbana High School,90.73,K-12
,,Linn,1053,Maple Grove Elementary-Cedar Rapids,97.42,K-12
,,Linn,3715,Echo Hill Elementary,97.66,K-12
,,Linn,4554,Mount Vernon High School,95.21,K-12
,,Linn,1053,West Willow Elementary,95.88,K-12
,,Linn,4554,Washington Elementary School-Mount Vernon,94.07,K-12
,,Linn,1053,Viola Gibson Elementary School,97.05,K-12
,,Linn,1053,Roosevelt Middle School,90.98,K-12
,,Linn,1053,Franklin Middle School,87.71,K-12
,,Linn,3715,Oak Ridge Middle School,95.34,K-12
,,Linn,1053,Wilson Middle School,79.75,K-12
,,Linn,4086,Vernon Middle School,96.48,K-12
,,Linn,3715,Hazel Point Intermediate School,95.21,K-12
,,Linn,1053,Xavier High School,94.43,K-12
,,Linn,1053,Taft Middle School,95.13,K-12
,,Linn,3715,Excelsior Middle School,95.87,K-12
,,Linn,1062,Center Point-Urbana Middle School,92.72,K-12
,,Linn,3715,Boulder Peak Intermediate School,98.31,K-12
,,Linn,1053,Harding Middle School-Cedar Rapids,93.61,K-12
,,Linn,4086,Marion High School,96.81,K-12
,,Linn,1337,Prairie Creek,96.85,K-12
,,Linn,4086,Marion Home School,55.57,K-12
,,Linn,1337,Prairie High School,96.45,K-12
,,Linn,1053,George Washington High School,88.07,K-12
,,Linn,1337,Prairie Point,96.71,K-12
,,Linn,1053,Thomas Jefferson High School-Cedar Rapids,91.6,K-12
,,Linn,1053,John F Kennedy High School,87.16,K-12
,,Linn,3715,Linn-Mar High School,93.87,K-12
,,Louisa,6759,Wapello Junior High School,92.23,K-12
,,Louisa,4509,Morning Sun Elementary School,90.09,K-12
,,Louisa,6759,Wapello Senior High School,97.79,K-12
,,Louisa,1368,Columbus Community High School,93.07,K-12
,,Louisa,6759,Wapello Elementary School,89.22,K-12
,,Louisa,1368,Roundy Elementary School,92.35,K-12
,,Louisa,3841,Louisa-Muscatine High School,95.47,K-12
,,Louisa,3841,Louisa-Muscatine Elementary,96.01,K-12
,,Lucas,1107,Van Allen Elementary School-Chariton,84.53,K-12
,,Lucas,1107,Chariton Middle School,88.89,K-12
,,Lucas,1107,Columbus Elementary School,88.03,K-12
,,Lucas,1107,Chariton High School,86.17,K-12
,,Lyon,2457,George-Little Rock Senior High School,97.52,K-12
,,Lyon,6983,West Lyon Junior High School,90.51,K-12
,,Lyon,2457,George-Little Rock Elementary School,96.59,K-12
,,Lyon,6983,West Lyon High School,92.28,K-12
,,Lyon,1095,Central Lyon Elementary School,92.39,K-12
,,Lyon,1095,Central Lyon Secondary School,91.11,K-12
,,Lyon,6983,West Lyon Elementary School,92.37,K-12
,,Madison,1953,Earlham Middle School,95.68,K-12
,,Madison,1953,Earlham Senior High School,95.28,K-12
,,Madison,3119,Interstate 35 Middle School,94.35,K-12
,,Madison,7056,Winterset Junior High School,93.95,K-12
,,Madison,3119,Interstate 35 High School,94.44,K-12
,,Madison,1953,Earlham Elementary School,96.42,K-12
,,Madison,3119,Interstate 35 Elementary School,93.03,K-12
,,Madison,7056,Winterset Middle School,97.61,K-12
,,Madison,7056,Winterset Elementary School,95.67,K-12
,,Madison,7056,Winterset Senior High School,92.64,K-12
,,Mahaska,5013,Oskaloosa Christian School,85.8,K-12
,,Mahaska,4776,North Mahaska Elementary School,89.74,K-12
,,Mahaska,4776,North Mahaska Jr-Sr High School,87.88,K-12
,,Mahaska,5013,Oskaloosa Middle School,95.53,K-12
,,Mahaska,5013,Oskaloosa High School,94.11,K-12
,,Mahaska,5013,Oskaloosa Elementary School,96.07,K-12
,,Marion,5256,Pleasantville Middle School,82.68,K-12
,,Marion,4212,Melcher-Dallas Elem,95.65,K-12
,,Marion,4212,Melcher-Dallas High School,75.69,K-12
,,Marion,6512,Twin Cedars Elementary School,94.16,K-12
,,Marion,6512,Twin Cedars Jr-Sr High School,89.24,K-12
,,Marion,5166,Lincoln Elementary School-Pella,97.13,K-12
,,Marion,5256,Pleasantville High School,83.81,K-12
,,Marion,5166,Pella Christian High School,86.02,K-12
,,Marion,3375,Knoxville Middle School,89.54,K-12
,,Marion,3375,Northstar Elementary School,95.99,K-12
,,Marion,3375,West Elementary,88.86,K-12
,,Marion,5166,Pella Middle School,89.29,K-12
,,Marion,5256,Pleasantville Elementary,89.89,K-12
,,Marion,5166,Madison Elementary School-Pella,94.67,K-12
,,Marion,5166,Pella Christian Grade School,85.23,K-12
,,Marion,5166,Jefferson Intermediate,97.41,K-12
,,Marion,3375,Knoxville High School,89.35,K-12
,,Marion,5166,Pella High School,91.37,K-12
,,Marshall,1968,East Marshall Middle School,97.56,K-12
,,Marshall,4104,St. Francis Catholic School,95.61,K-12
,,Marshall,6985,West Marshall Middle School,97.16,K-12
,,Marshall,4104,Rogers Elementary School,88.65,K-12
,,Marshall,2682,GMG Elementary School,94.49,K-12
,,Marshall,1968,East Marshall Senior High School,91.6,K-12
,,Marshall,4104,Anson Elementary School,94.38,K-12
,,Marshall,1968,East Marshall Elementary School,95.24,K-12
,,Marshall,4104,J C Hoglan Elementary School,92.49,K-12
,,Marshall,6985,West Marshall High School,94.1,K-12
,,Marshall,4104,Franklin Elementary Sch,96.12,K-12
,,Marshall,4104,Woodbury Elementary School,96.17,K-12
,,Marshall,6985,West Marshall Elementary School,96.55,K-12
,,Marshall,4104,Fisher Elementary School,95.7,K-12
,,Marshall,4104,Lenihan Intermediate School,97.05,K-12
,,Marshall,4104,B R Miller Middle School,96.82,K-12
,,Marshall,4104,Marshalltown High School,95.84,K-12
,,Mills,3978,East Mills Jr/Sr High School,97.01,K-12
,,Mills,3978,East Mills Elementary,96.15,K-12
,,Mills,2511,West Elementary School-Glenwood,97.98,K-12
,,Mills,2511,Northeast Elementary School,96.67,K-12
,,Mills,2511,Glenwood Middle School,96.36,K-12
,,Mills,2511,Glenwood Senior High School,95.03,K-12
,,Mitchell,5751,St. Ansgar Middle School,91.67,K-12
,,Mitchell,5751,St Ansgar High School,91.28,K-12
,,Mitchell,4995,Osage Middle School,93.9,K-12
,,Mitchell,5751,St. Ansgar Elementary School,96.65,K-12
,,Mitchell,4995,Osage High School,93.33,K-12
,,Mitchell,4995,Lincoln Elementary School-Osage,92.43,K-12
,,Monona,6987,West Monona Middle Sch,86.73,K-12
,,Monona,4033,Mapleton Elementary School,98.18,K-12
,,Monona,6987,West Monona High School,84.8,K-12
,,Monona,4033,Maple Valley-Anthon Oto High School,95.36,K-12
,,Monona,6987,West Monona Elementary,88.5,K-12
,,Monroe,81,Albia Middle School,95.36,K-12
,,Monroe,81,Grant Center,94.71,K-12
,,Monroe,81,Lincoln Center,96.09,K-12
,,Monroe,81,Albia High School,91.38,K-12
,,Montgomery,6651,Sylvia Enarson Elementary School,98.06,K-12
,,Montgomery,6165,Stanton Elementary School,94.74,K-12
,,Montgomery,6651,Southwest Valley Middle School,100,K-12
,,Montgomery,6165,Stanton High School,95.97,K-12
,,Montgomery,5463,Inman Elementary School,97.66,K-12
,,Montgomery,5463,Red Oak Junior/Senior High School,94.87,K-12
,,Muscatine,4581,Saints Mary and Mathias Catholic School,94.5,K-12
,,Muscatine,4581,Mulberry Elementary School,96.09,K-12
,,Muscatine,4581,Franklin Elementary School-Muscatine,95.82,K-12
,,Muscatine,4581,Grant Elementary School-Muscatine,92.08,K-12
,,Muscatine,6975,West Liberty Elementary School,96.47,K-12
,,Muscatine,6975,West Liberty High School,92.03,K-12
,,Muscatine,4581,Madison Elementary School-Muscatine,93.35,K-12
,,Muscatine,6975,West Liberty Middle School,97.47,K-12
,,Muscatine,4581,Jefferson Elementary School-Muscatine,95.28,K-12
,,Muscatine,4581,McKinley Elementary School-Muscatine,95.59,K-12
,,Muscatine,7038,Wilton Jr-Sr High School,94.08,K-12
,,Muscatine,7038,Wilton Elementary School,93.29,K-12
,,Muscatine,4581,Susan Clark Junior High School,85.9,K-12
,,Muscatine,4581,Muscatine High School,90.78,K-12
,,O'Brien,2862,Sanborn Christian School,83.65,K-12
,,O'Brien,2862,Hartley-Melvin-Sanborn Middle School,92.4,K-12
,,O'Brien,2862,Hartley-Melvin-Sanborn High School,93.3,K-12
,,O'Brien,2862,Hartley-Melvin-Sanborn Elementary School,96.92,K-12
,,O'Brien,6099,South O'Brien Secondary School,94.65,K-12
,,O'Brien,6099,South O'Brien Elem Sch Primghar Center,96.4,K-12
,,O'Brien,5949,Sheldon Middle School,95.4,K-12
,,O'Brien,5949,Sheldon High School,92.59,K-12
,,O'Brien,5949,East Elementary School-Sheldon,94.43,K-12
,,Osceola,5994,Sibley-Ocheyedan Middle School,95.74,K-12
,,Osceola,5994,Sibley-Ocheyedan High School,97.14,K-12
,,Osceola,5994,Sibley Ocheyedan Elementary School,96.67,K-12
,,Page,5976,IGNITE Online & Personalized Learning School,90.68,K-12
,,Page,2113,Essex Elementary School,95.83,K-12
,,Page,5976,Shenandoah Middle School,97.2,K-12
,,Page,5976,Shenandoah High School,96.58,K-12
,,Page,5976,Shenandoah Elementary School,97.44,K-12
,,Page,1197,Clarinda High School,94.55,K-12
,,Page,1197,Garfield Elementary School-Clarinda,97.41,K-12
,,Palo Alto,6921,West Bend-Mallard High School,95.04,K-12
,,Palo Alto,6921,West Bend-Mallard Middle School,96.83,K-12
,,Palo Alto,6921,West Bend-Mallard Elementary School,94.53,K-12
,,Palo Alto,2088,Emmetsburg High School,97.12,K-12
,,Palo Alto,2088,Emmetsburg Middle School,96.81,K-12
,,Palo Alto,2088,West Elementary School-Emmetsburg,96.92,K-12
,,Plymouth,5486,St Catherine-St Mary School System,91.3,K-12
,,Plymouth,63,Akron Westfield Middle School,96.12,K-12
,,Plymouth,3348,Kingsley-Pierson High School,98.53,K-12
,,Plymouth,3348,Kingsley Elementary School,97.65,K-12
,,Plymouth,5486,Remsen-Union Middle School,97.13,K-12
,,Plymouth,2988,Hinton Middle School,99.44,K-12
,,Plymouth,63,Akron Westfield Senior High School,96.34,K-12
,,Plymouth,3600,Gehlen Catholic High School,91.9,K-12
,,Plymouth,63,Akron Westfield Elementary School,99.13,K-12
,,Plymouth,2988,Hinton Elementary School,98.38,K-12
,,Plymouth,3600,Clark Elementary School-Le Mars,98.39,K-12
,,Plymouth,3600,Gehlen Catholic Elem School,94.86,K-12
,,Plymouth,3600,Franklin Elementary School-Le Mars,93.36,K-12
,,Plymouth,2988,Hinton High School,94.08,K-12
,,Plymouth,3600,Kluckhohn Elementary School,97.56,K-12
,,Plymouth,3600,Le Mars Middle School,85.18,K-12
,,Plymouth,3600,Le Mars High School,85.51,K-12
,,Pocahontas,3537,Laurens-Marathon Elementary School,96.92,K-12
,,Pocahontas,5283,Pocahontas Area Elementary School,94.66,K-12
,,Pocahontas,5283,Pocahontas Area Middle/ High School,93.28,K-12
,,Polk,1737,Ruby Van Meter School,96.4,K-12
,,Polk,261,Ankeny Christian Academy - Secondary,85.11,K-12
,,Polk,6957,Walnut Creek Campus,94.08,K-12
,,Polk,1737,Mt Olive Lutheran School,88.24,K-12
,,Polk,1737,Christ The King School,82.47,K-12
,,Polk,1737,St Joseph Elementary School,91.5,K-12
,,Polk,1737,Walnut Street School,94.2,K-12
,,Polk,1737,Holy Family School,99.05,K-12
,,Polk,1737,Pleasant Hill Elementary School,96.68,K-12
,,Polk,6101,Mitchellville Elementary School,93.61,K-12
,,Polk,1737,St Theresa School,97.73,K-12
,,Polk,1737,Grand View Christian High School,87.45,K-12
,,Polk,1737,Downtown School,94.47,K-12
,,Polk,6579,Karen Acres Elementary School (Previously Rolling Green),98.37,K-12
,,Polk,1737,Wright Elementary School,100,K-12
,,Polk,1737,Greenwood Elementary School,93.55,K-12
,,Polk,1737,McKinley Elementary School-Des Moines,95.97,K-12
,,Polk,1737,Madison Elementary School-Des Moines,93.6,K-12
,,Polk,6101,Runnells Elementary School,93.28,K-12
,,Polk,1737,St Augustin School,92.55,K-12
,,Polk,1737,Phillips Elementary,95.72,K-12
,,Polk,1737,Windsor Elementary,97.38,K-12
,,Polk,1737,King Elementary School,91.85,K-12
,,Polk,1737,Bergman Academy,96.07,K-12
,,Polk,1737,Willard Elementary School,94.68,K-12
,,Polk,1737,Findley Elementary School,95.41,K-12
,,Polk,1737,Edmunds Elementary School,92.31,K-12
,,Polk,1737,Hillis Elementary School,94.12,K-12
,,Polk,1737,Moore Elementary School,97.31,K-12
,,Polk,1737,Howe Elementary,95,K-12
,,Polk,1737,Jefferson Elementary School-Des Moines,94.82,K-12
,,Polk,4779,North Polk West Elementary School,95.79,K-12
,,Polk,1737,Cattell Elementary School,94.84,K-12
,,Polk,1737,Stowe Elementary School,95.21,K-12
,,Polk,1737,Oak Park,95.89,K-12
,,Polk,1737,Hanawalt Elementary,93.06,K-12
,,Polk,1737,Cowles Elementary School,92.5,K-12
,,Polk,1737,Des Moines Independent Comm School District,78.59,K-12
,,Polk,4779,North Polk Central Elementary School,93.45,K-12
,,Polk,261,St Luke the Evangelist Catholic School,92.28,K-12
,,Polk,4779,Big Creek Elementary,97.35,K-12
,,Polk,1737,St Anthony School,94.51,K-12
,,Polk,1576,Heritage Elementary School-Grimes,95.74,K-12
,,Polk,1737,Holy Trinity School,93.48,K-12
,,Polk,261,Ankeny Christian Academy Elementary,75.71,K-12
,,Polk,6579,St Pius X School-Urbandale,96.93,K-12
,,Polk,1737,Virtual Campus,95.84,K-12
,,Polk,5805,Woodside Middle School,95.45,K-12
,,Polk,261,Northwest Elementary School,96.55,K-12
,,Polk,6101,Centennial Elementary School,94.97,K-12
,,Polk,1737,Hubbell Elementary,95.51,K-12
,,Polk,1737,Monroe Elementary School-Des Moines,94.23,K-12
,,Polk,1737,Carver Elementary,93.47,K-12
,,Polk,1737,Samuelson Elementary School,94.78,K-12
,,Polk,6101,Delaware Elementary School,98.48,K-12
,,Polk,6101,Altoona Elementary School,96.49,K-12
,,Polk,1737,Park Ave Elementary School,92.35,K-12
,,Polk,6579,Des Moines Christian Secondary School,82.11,K-12
,,Polk,1737,Lovejoy Elementary School,93.17,K-12
,,Polk,1576,South Prairie Elementary,93.22,K-12
,,Polk,261,East Elementary School-Ankeny,90.6,K-12
,,Polk,720,Bondurant-Farrar Junior High,96.17,K-12
,,Polk,1737,South Union Elementary School,97.14,K-12
,,Polk,1576,North Ridge Elementary,96.47,K-12
,,Polk,720,Bondurant-Farrar Intermediate School,97.19,K-12
,,Polk,1737,Garton Elementary,94.87,K-12
,,Polk,1737,Moulton Elementary School-Des Moines,92.84,K-12
,,Polk,1737,Jackson Elementary School-Des Moines,94.97,K-12
,,Polk,6101,Four Mile Elementary School,95.25,K-12
,,Polk,1737,Perkins Elementary School,96.61,K-12
,,Polk,5805,Saydel High School,93.91,K-12
,,Polk,6579,Webster Elementary School,94.79,K-12
,,Polk,1737,Hiatt Middle School,96.16,K-12
,,Polk,5805,Cornell Elementary School,96.84,K-12
,,Polk,720,Morris Elementary,93.68,K-12
,,Polk,1737,Hoyt Middle School,97.1,K-12
,,Polk,6957,Clive Learning Academy,95.04,K-12
,,Polk,6957,Sacred Heart School-West Des Moines,96.9,K-12
,,Polk,1737,Goodrell Middle School,97.54,K-12
,,Polk,6101,Willowbrook Elementary School,96.96,K-12
,,Polk,1737,Morris Elementary School,94.57,K-12
,,Polk,4779,North Polk Middle School,95.79,K-12
,,Polk,1737,River Woods Elementary School,94.23,K-12
,,Polk,1737,Capitol View Elementary School,95.28,K-12
,,Polk,6957,Crestview Elementary School,89.59,K-12
,,Polk,6957,Fairmeadows Elementary School,97.67,K-12
,,Polk,261,Crocker Elementary School,95.55,K-12
,,Polk,720,Anderson Elementary School,95.41,K-12
,,Polk,1737,Callanan Middle School,96.65,K-12
,,Polk,6957,Crossroads Park Elementary School,93.36,K-12
,,Polk,6957,Western Hills Elementary School,93.17,K-12
,,Polk,6579,Valerius Elementary School,96.87,K-12
,,Polk,6957,Hillside Elementary School,95.96,K-12
,,Polk,3231,Lawson Elementary School,97.46,K-12
,,Polk,6101,Spring Creek - 6th Grade,98.01,K-12
,,Polk,261,Southeast Elementary School-Ankeny,92.79,K-12
,,Polk,1737,Studebaker Elementary School,96.23,K-12
,,Polk,3231,Beaver Creek Elem School,95.89,K-12
,,Polk,261,Prairie Trail Elementary,96.6,K-12
,,Polk,6579,Olmsted Elementary,95.1,K-12
,,Polk,1737,Brody Middle School,95.97,K-12
,,Polk,261,Heritage Elementary School-Ankeny,93.2,K-12
,,Polk,261,Westwood Elementary School-Ankeny,98.03,K-12
,,Polk,3231,Henry A Wallace Elementary School,96.24,K-12
,,Polk,6101,Clay Elementary,98.54,K-12
,,Polk,1737,Harding Middle School-Des Moines,97.46,K-12
,,Polk,1737,Brubaker Elementary School,94.33,K-12
,,Polk,1737,Grand View Christian Middle School,80.63,K-12
,,Polk,261,Northeast Elementary,95.52,K-12
,,Polk,1737,McCombs Middle School,95.55,K-12
,,Polk,1737,Merrill Middle School,96.33,K-12
,,Polk,1737,Meredith Middle School,95.88,K-12
,,Polk,3231,Horizon Elementary,95.59,K-12
,,Polk,6957,Stilwell Junior High School,96.21,K-12
,,Polk,4779,North Polk High School,95.35,K-12
,,Polk,3231,Timber Ridge Elementary,97.31,K-12
,,Polk,1737,Weeks Middle School,96.87,K-12
,,Polk,6957,Indian Hills Junior High School,95.17,K-12
,,Polk,261,Rock Creek Elementary,95.37,K-12
,,Polk,6957,Valley Southwoods,96.41,K-12
,,Polk,6579,Des Moines Christian Elementary School,82.54,K-12
,,Polk,6957,Westridge Elementary,87.39,K-12
,,Polk,261,Ashland Ridge Elementary,95.46,K-12
,,Polk,720,Bondurant-Farrar High School,97.16,K-12
,,Polk,5805,Grand View Christian Elementary School,82.45,K-12
,,Polk,6579,Urbandale Middle School,96.72,K-12
,,Polk,261,Southview Middle School,93.69,K-12
,,Polk,261,Parkview Middle School,95.73,K-12
,,Polk,1737,Hoover High School,92.17,K-12
,,Polk,261,Prairie Ridge Middle School,97.43,K-12
,,Polk,261,Northview Middle School,96.21,K-12
,,Polk,6101,Southeast Polk Junior High School,96.59,K-12
,,Polk,3231,Summit Middle School,96.22,K-12
,,Polk,6957,Jordan Creek Elementary School,95.47,K-12
,,Polk,3231,Johnston Middle School,95.72,K-12
,,Polk,6957,Dowling Catholic High School,96.09,K-12
,,Polk,6579,Urbandale High School,95.92,K-12
,,Polk,261,Ankeny High School,91.21,K-12
,,Polk,3231,Johnston Senior High School,91.21,K-12
,,Polk,261,Ankeny Centennial High School,94.31,K-12
,,Polk,1737,North High School-Des Moines,94.85,K-12
,,Polk,1737,East High School-Des Moines,93.52,K-12
,,Polk,1737,Roosevelt High School,93.66,K-12
,,Polk,6957,Valley High School,95.77,K-12
,,Polk,6101,Southeast Polk High School,95.52,K-12
,,Polk,1737,Lincoln High School,94.7,K-12
,,Pottawattamie,5510,Carson Elementary,95,K-12
,,Pottawattamie,6460,Tri-Center Middle School,92,K-12
,,Pottawattamie,5510,Oakland Elementary,92.72,K-12
,,Pottawattamie,6534,Underwood Middle School,90.34,K-12
,,Pottawattamie,441,A-H-S-T-W High School,97.62,K-12
,,Pottawattamie,6453,Treynor Middle School,93.67,K-12
,,Pottawattamie,3645,Heartland Christian School,62.45,K-12
,,Pottawattamie,6460,Tri-Center High School,87.97,K-12
,,Pottawattamie,441,A-H-S-T-W Elementary School,95.45,K-12
,,Pottawattamie,6453,Treynor High School,95.53,K-12
,,Pottawattamie,6534,Underwood High School,84.68,K-12
,,Pottawattamie,1476,Lewis & Clark Elementary School,88.55,K-12
,,Pottawattamie,441,A-H-S-T-W Intermediate School,98.88,K-12
,,Pottawattamie,1476,St Albert Elementary School,96.23,K-12
,,Pottawattamie,1476,Rue Elementary School,95.68,K-12
,,Pottawattamie,1476,St Albert Secondary School,97.36,K-12
,,Pottawattamie,1476,Carter Lake Elementary School,90.23,K-12
,,Pottawattamie,6460,Tri-Center Elementary School,95.83,K-12
,,Pottawattamie,1476,Edison Elementary School,93.91,K-12
,,Pottawattamie,6453,Treynor Elementary School,96.23,K-12
,,Pottawattamie,6534,Underwood Elementary School,94.81,K-12
,,Pottawattamie,5510,Riverside Middle/Senior High School,87.13,K-12
,,Pottawattamie,1476,Bloomer Elementary School,93.25,K-12
,,Pottawattamie,1476,Roosevelt Elementary School-Council Bluffs,96.77,K-12
,,Pottawattamie,1476,Hoover Elementary School-Council Bluffs,98.03,K-12
,,Pottawattamie,1476,Franklin Elementary School-Council Bluffs,95.9,K-12
,,Pottawattamie,1476,Longfellow Elementary School-Council Bluffs,98.81,K-12
,,Pottawattamie,1476,College View Elementary,86.52,K-12
,,Pottawattamie,3645,E A Kreft Primary School,94.37,K-12
,,Pottawattamie,3645,Lewis Central Middle School,97.8,K-12
,,Pottawattamie,1476,Woodrow Wilson Middle School,97.8,K-12
,,Pottawattamie,3645,Titan Hill Intermediate School,97.14,K-12
,,Pottawattamie,1476,Gerald W Kirn Middle School,94.44,K-12
,,Pottawattamie,3645,Lewis Central Senior High School,95.25,K-12
,,Pottawattamie,1476,Thomas Jefferson High School-Council Bluffs,86.04,K-12
,,Pottawattamie,1476,Abraham Lincoln High School,91.9,K-12
,,Poweshiek,2709,Bailey Park Elementary School,97.83,K-12
,,Poweshiek,4437,Montezuma High School,93.53,K-12
,,Poweshiek,2709,Fairview Elementary School-Grinnell,97.06,K-12
,,Poweshiek,4437,Montezuma Elementary School,94.14,K-12
,,Poweshiek,2709,Davis Elementary School,96.94,K-12
,,Poweshiek,846,Brooklyn-Guernsey-Malcom Jr-Sr High School,90.31,K-12
,,Poweshiek,846,Brooklyn-Guernsey-Malcom Elementary School,95.04,K-12
,,Poweshiek,2709,Grinnell Community Middle School,97.08,K-12
,,Poweshiek,2709,Grinnell Community Senior High School,92.89,K-12
,,Ringgold,4527,Mount Ayr High School,98.56,K-12
,,Ringgold,4527,Mount Ayr Elementary,97.1,K-12
,,Sac,4860,OABCIG Elementary School - Odebolt,91.94,K-12
,,Sac,5823,Schaller-Crestland M.S. Ridge View Middle School,82.73,K-12
,,Sac,5823,Schaller-Crestland Elementary,87.41,K-12
,,Sac,4860,OA-BCIG Middle School,96.53,K-12
,,Sac,6741,East Sac County High School,95.91,K-12
,,Sac,6741,East Sac County Elementary Sac Building,96.2,K-12
,,Scott,621,Rivermont Collegiate,95.04,K-12
,,Scott,4784,Virgil Grissom Elementary School,89.81,K-12
,,Scott,4784,John Glenn Elementary School,95.29,K-12
,,Scott,1611,Walcott Elementary School,93.65,K-12
,,Scott,1611,Mid City High,88.14,K-12
,,Scott,1611,Walcott Intermediate,94.06,K-12
,,Scott,621,Morning Star Academy,60.36,K-12
,,Scott,621,Neil Armstrong Elementary School-Bettendorf,92.86,K-12
,,Scott,621,Lourdes Catholic School,93.68,K-12
,,Scott,1611,Buffalo Elementary School,93.23,K-12
,,Scott,1611,Frank L Smart Intermediate,92.67,K-12
,,Scott,4784,Neil Armstrong Elementary School,89.16,K-12
,,Scott,5250,Bridgeview Elementary School,93.43,K-12
,,Scott,1611,Blue Grass Elementary School,94.79,K-12
,,Scott,5250,Forest Grove Elementary ,97.73,K-12
,,Scott,1611,John F Kennedy Cath Sch,95.77,K-12
,,Scott,1611,Trinity Lutheran School-Davenport,90.53,K-12
,,Scott,621,Herbert Hoover Elementary School,91.8,K-12
,,Scott,1611,Williams Intermediate,94.76,K-12
,,Scott,1611,Madison Elementary School-Davenport,95.82,K-12
,,Scott,621,Mark Twain Elementary School,94.52,K-12
,,Scott,1611,St Paul The Apostle School,93.83,K-12
,,Scott,621,Grant Wood Elementary School-Bettendorf,96,K-12
,,Scott,1611,Jackson Elementary School-Davenport,93.81,K-12
,,Scott,1611,All Saints Catholic School,93.73,K-12
,,Scott,621,Paul Norton Elementary School,94.98,K-12
,,Scott,1611,Hayes Elementary School,92.33,K-12
,,Scott,1611,Assumption High School,91.65,K-12
,,Scott,1611,Fillmore Elementary School,96.55,K-12
,,Scott,4784,Alan Shepard Elementary School,95.67,K-12
,,Scott,1611,Wood Intermediate,94.08,K-12
,,Scott,5250,Cody Elementary School,92.89,K-12
,,Scott,1611,Garfield Elementary School-Davenport,94.32,K-12
,,Scott,1611,Harry S Truman School,95.51,K-12
,,Scott,1611,McKinley Elementary School-Davenport,95.32,K-12
,,Scott,1611,Eisenhower Elementary School-Davenport,95.2,K-12
,,Scott,1611,Sudlow Intermediate,95.01,K-12
,,Scott,1611,Jefferson Elementary School-Davenport,95.4,K-12
,,Scott,1611,Harrison Elementary School-Davenport,95.86,K-12
,,Scott,4784,Edward White Elementary School,95.64,K-12
,,Scott,4784,North Scott Junior High School,94.23,K-12
,,Scott,1611,Wilson Elementary School,96.64,K-12
,,Scott,5250,Riverdale Heights Elem School,95.62,K-12
,,Scott,1611,Adams Elementary School-Davenport,95.17,K-12
,,Scott,5250,Hopewell Elementary,96.74,K-12
,,Scott,5250,Pleasant View Elementary School-Bettendorf,94.31,K-12
,,Scott,5250,Pleasant Valley Junior  High School,94.77,K-12
,,Scott,621,Bettendorf Middle School,93.27,K-12
,,Scott,4784,North Scott Senior High School,93.63,K-12
,,Scott,1611,North High School-Davenport,96.01,K-12
,,Scott,1611,Central High School,93.31,K-12
,,Scott,621,Bettendorf High School,91.5,K-12
,,Scott,1611,West High School-Davenport,92.47,K-12
,,Scott,5250,Pleasant Valley High School,95.47,K-12
,,Shelby,2151,ExiraElk Horn-Kimballton High School,90.43,K-12
,,Shelby,3168,Irwin Elementary School,94.97,K-12
,,Shelby,2826,Harlan Comm. Primary,94.51,K-12
,,Shelby,2826,Harlan Comm Intermediate School,96.3,K-12
,,Shelby,2826,Harlan Community Middle School,89.8,K-12
,,Shelby,2826,Harlan Community High School,86.93,K-12
,,Sioux,747,Hull Protestant Reformed Christian School K-8th,91.73,K-12
,,Sioux,6990,West Sioux Middle School,92.86,K-12
,,Sioux,747,Hull Christian School K-8,89.67,K-12
,,Sioux,5607,Rock Valley Middle School,94.33,K-12
,,Sioux,5607,Rock Valley Christian School,91.46,K-12
,,Sioux,6990,Hawarden Elementary School,96.65,K-12
,,Sioux,6990,West Sioux High School,85.14,K-12
,,Sioux,747,Boyden-Hull Elementary School,96.6,K-12
,,Sioux,747,Boyden-Hull High School,94.91,K-12
,,Sioux,5607,Rock Valley High School,96.76,K-12
,,Sioux,747,Western Christian High School,92.52,K-12
,,Sioux,4149,Orange City Christian School K-8,94.29,K-12
,,Sioux,4149,MOC-Floyd Valley Middle School,96.02,K-12
,,Sioux,4149,Unity Christian High School 9-12,88.99,K-12
,,Sioux,5607,Rock Valley Elementary School,94.18,K-12
,,Sioux,6030,Kinsey Elementary School,95.97,K-12
,,Sioux,5607,Netherlands Reformed Christian School K-12,59.24,K-12
,,Sioux,4149,MOC-Floyd Valley High School,92.39,K-12
,,Sioux,6030,Sioux Center High School,93.5,K-12
,,Sioux,6030,Sioux Center Christian School,89.13,K-12
,,Sioux,6030,Sioux Center Middle School,97.14,K-12
,,Sioux,4149,MOC Floyd Valley Elementary School,94.19,K-12
,,Story,225,St Cecilia School,78.26,K-12
,,Story,1359,Colo-Nesco Elementary Learning Center,95.08,K-12
,,Story,1350,Collins-Maxwell Elementary School,90.24,K-12
,,Story,1350,Collins-Maxwell Middle/High School,84.76,K-12
,,Story,1359,Colo-NESCO  Jr./Sr. High School,92.48,K-12
,,Story,225,Kate Mitchell Elementary School,95.32,K-12
,,Story,5643,Roland-Story Middle School,96.66,K-12
,,Story,2466,Gilbert Elementary School,95.3,K-12
,,Story,5643,Roland-Story High School,96.8,K-12
,,Story,225,Meeker Elementary School,97.26,K-12
,,Story,2466,Gilbert Intermediate School,94.82,K-12
,,Story,225,Abbie Sawyer Elementary School,94.26,K-12
,,Story,5643,Roland-Story Elementary School,95.71,K-12
,,Story,2466,Gilbert Middle School,93.8,K-12
,,Story,472,Ballard West Elementary,96.37,K-12
,,Story,472,Ballard Community Middle School,92.34,K-12
,,Story,472,Ballard East Elementary,97.44,K-12
,,Story,225,Edwards Elementary School,96.62,K-12
,,Story,225,Ames Comm School District,89.44,K-12
,,Story,4617,Nevada High School,87.4,K-12
,,Story,225,Fellows Elementary School,96.86,K-12
,,Story,4617,Nevada Central Elementary School,97.69,K-12
,,Story,2466,Gilbert High School,95.53,K-12
,,Story,472,Ballard Community Senior High School,96.04,K-12
,,Story,4617,Nevada Middle School,90.93,K-12
,,Story,225,Ames Middle School,96.95,K-12
,,Story,225,Ames High School,95.37,K-12
,,Tama,6098,Meskwaki Elementary School,98.25,K-12
,,Tama,6098,Meskwaki High School,99.38,K-12
,,Tama,6536,Union Middle School,98.95,K-12
,,Tama,6536,Dysart-Geneseo Elementary School,94.85,K-12
,,Tama,2682,GMG Secondary School,96.21,K-12
,,Tama,4785,North Tama High School,90.52,K-12
,,Tama,4785,North Tama Elementary,91.63,K-12
,,Tama,6098,South Tama County Middle School,98.61,K-12
,,Tama,6098,South Tama County High School,98.44,K-12
,,Tama,6098,South Tama County Elementary School,98.93,K-12
,,Taylor,3609,Lenox High School,90,K-12
,,Taylor,549,Bedford Elementary School,95.47,K-12
,,Taylor,549,Bedford High School,91.09,K-12
,,Taylor,3609,Lenox Elementary School,90,K-12
,,Union,1503,St Malachy School,97.96,K-12
,,Union,1970,East Union Elementary,100,K-12
,,Union,1970,East Union Middle-High School,99.16,K-12
,,Union,1503,Creston Middle School,98.04,K-12
,,Union,1503,Creston Elementary School,97.64,K-12
,,Union,1503,Creston High School,97.45,K-12
,,Van Buren,6592,Harmony Center,94.87,K-12
,,Van Buren,6592,Van Buren Community Elementary School,89.39,K-12
,,Van Buren,6592,Van Buren Community High School,78.72,K-12
,,Wapello,5049,Pickwick Early Childhood Center School,89.6,K-12
,,Wapello,5049,James Elementary School,95.71,K-12
,,Wapello,5049,Eisenhower Elementary School-Ottumwa,92.95,K-12
,,Wapello,657,Eddyville Elementary,95.1,K-12
,,Wapello,5049,Horace Mann Elementary School-Ottumwa,93.6,K-12
,,Wapello,5049,Gateway High School,88.37,K-12
,,Wapello,977,Cardinal High School,86.86,K-12
,,Wapello,977,Cardinal Junior High School,92.69,K-12
,,Wapello,5049,Wilson Elementary School-Ottumwa,95.31,K-12
,,Wapello,5049,Douma Elementary School,98.56,K-12
,,Wapello,977,Cardinal Elementary School-Eldon,94.72,K-12
,,Wapello,657,Eddyville-Blakesburg- Fremont Jr/Sr High,95.29,K-12
,,Wapello,5049,Evans Middle School,91.57,K-12
,,Wapello,5049,Liberty Elementary School-Ottumwa,98.7,K-12
,,Wapello,5049,Ottumwa High School,95,K-12
,,Warren,3114,Strong Roots Christian School,60.55,K-12
,,Warren,6094,Southeast Warren Primary,97.41,K-12
,,Warren,6094,Southeast Warren Jr-Sr High School,93.55,K-12
,,Warren,4122,Martensdale-St Marys Jr-Sr High School,92.74,K-12
,,Warren,3114,Whittier Elementary School-Indianola,93.63,K-12
,,Warren,4122,Martensdale Elementary School,95.93,K-12
,,Warren,981,Hartford Upper Elementar,96.81,K-12
,,Warren,3114,Irving Elementary School-Indianola,94.68,K-12
,,Warren,3114,Emerson Elementary School-Indianola,95.25,K-12
,,Warren,3114,Wilder Elementary School,94.89,K-12
,,Warren,4797,Oviatt Elementary School,96.52,K-12
,,Warren,4797,Orchard Hills Elementary School,97.55,K-12
,,Warren,981,Carlisle Middle School,96.12,K-12
,,Warren,4797,Lakewood Elementary School,98.21,K-12
,,Warren,981,Carlisle Elementary School,96.71,K-12
,,Warren,981,Carlisle High School,92.64,K-12
,,Warren,3114,Indianola Middle School,95.5,K-12
,,Warren,4797,Norwalk Middle School,96.77,K-12
,,Warren,4797,Norwalk Senior High School,95.07,K-12
,,Warren,3114,Indianola High School,95.46,K-12
,,Washington,2977,Highland Middle School,87.93,K-12
,,Washington,2977,Highland High School,94.19,K-12
,,Washington,6700,Waco Elementary School,90.87,K-12
,,Washington,4271,Mid-Prairie West Elementary School,90.35,K-12
,,Washington,2977,Highland Riverside Elementary School,97.05,K-12
,,Washington,4271,Mid-Prairie East Elementary School,89.32,K-12
,,Washington,6768,Washington Middle School-Washington,85.88,K-12
,,Washington,6768,Stewart Elementary School,88.01,K-12
,,Washington,4271,Mid-Prairie High School,90.48,K-12
,,Washington,4271,Mid-Prairie Middle School,90.02,K-12
,,Washington,4271,Mid-Prairie Comm School District,46.73,K-12
,,Washington,6768,Lincoln Upper Elementary School,80.39,K-12
,,Washington,6768,Washington High School,95.36,K-12
,,Wayne,4505,Mormon Trail Elementary School,90.18,K-12
,,Wayne,5895,Seymour Elementary School,86.61,K-12
,,Wayne,6854,Wayne Community Jr-Sr High School,98.01,K-12
,,Wayne,6854,Wayne Elementary School,97.04,K-12
,,Webster,6096,Dayton Center,92.35,K-12
,,Webster,2313,Feelhaver Elementary School,96.38,K-12
,,Webster,2313,Cooper Elementary School,95.04,K-12
,,Webster,2313,Early Childhood Center-Fort Dodge,89.49,K-12
,,Webster,6096,Southeast Valley Middle School,91.67,K-12
,,Webster,2313,Butler Elementary School,98.25,K-12
,,Webster,6096,Southeast Valley High School,86.99,K-12
,,Webster,4023,Manson Northwest Webster Elementary School-Barnum,94.57,K-12
,,Webster,2313,Duncombe Elementary School,96.7,K-12
,,Webster,2313,St. Edmond Catholic,97.26,K-12
,,Webster,2313,Fort Dodge Middle School,90.12,K-12
,,Webster,2313,Fort Dodge High School,94.43,K-12
,,Winnebago,873,North Iowa Middle School,97.17,K-12
,,Winnebago,3420,Lake Mills Middle School,92.86,K-12
,,Winnebago,873,North Iowa High School,93.84,K-12
,,Winnebago,873,North Iowa Elem Buffalo Center,94.12,K-12
,,Winnebago,3420,Lake Mills Senior High School,92.76,K-12
,,Winnebago,3420,Lake Mills Elementary School,94.98,K-12
,,Winnebago,2295,Forest City Middle School,93.27,K-12
,,Winnebago,2295,Forest City High School,93.82,K-12
,,Winnebago,2295,Forest City Elementary School,95.44,K-12
,,Winneshiek,6100,South Winneshiek Middle School,91.35,K-12
,,Winneshiek,6100,St Teresa of Calcutta School-Ossian,94.03,K-12
,,Winneshiek,1638,St Benedict School,81.12,K-12
,,Winneshiek,6509,Turkey Valley Jr-Sr High School,92.31,K-12
,,Winneshiek,6509,Turkey Valley Elementary School,95.45,K-12
,,Winneshiek,6100,South Winneshiek High School,94.33,K-12
,,Winneshiek,6100,South Winneshiek Elementary School,95.38,K-12
,,Winneshiek,1638,Carrie Lee Elementary,94.54,K-12
,,Winneshiek,1638,John Cline Elementary School,93.52,K-12
,,Winneshiek,1638,Decorah Middle School,90.09,K-12
,,Winneshiek,1638,Decorah High School,91.58,K-12
,,Woodbury,4033,MVAO Middle School,97.2,K-12
,,Woodbury,7098,Woodbury Central Middle School,93.1,K-12
,,Woodbury,6039,Mater Dei Sch Immaculate Conception Center,98.46,K-12
,,Woodbury,3348,Pierson Middle School,75.37,K-12
,,Woodbury,6039,Mater Dei School Nativity Center,94.24,K-12
,,Woodbury,1975,River Valley Junior- Senior High School,98.05,K-12
,,Woodbury,7098,Woodbury Central High School,94.05,K-12
,,Woodbury,6992,Westwood High School,96.59,K-12
,,Woodbury,6039,Riverside Elementary School,95.37,K-12
,,Woodbury,6039,Holy Cross Blessed Sacrament School,94.54,K-12
,,Woodbury,6039,Nodland Elementary School,95.82,K-12
,,Woodbury,7098,Moville Elementary School,95.85,K-12
,,Woodbury,6039,Sunnyside Elementary School-Sioux City,96.4,K-12
,,Woodbury,6992,Westwood Elementary School,94.43,K-12
,,Woodbury,6039,Sacred Heart School-Sioux City,91.92,K-12
,,Woodbury,3555,Bronson Elementary School,94.77,K-12
,,Woodbury,5877,Sergeant Bluff-Luton Primary School,96.67,K-12
,,Woodbury,3555,Lawton Junior-Senior High School,91.62,K-12
,,Woodbury,5877,Sergeant Bluff-Luton Elementary School,97.3,K-12
,,Woodbury,6039,Hunt Elementary School,92.25,K-12
,,Woodbury,5877,Sergeant Bluff-Luton Middle School,97.5,K-12
,,Woodbury,6039,Unity Elementary School,93.76,K-12
,,Woodbury,6039,Siouxland Community Christian,80.61,K-12
,,Woodbury,6039,Bryant Elementary School-Sioux City,96.77,K-12
,,Woodbury,6039,Bishop Heelan Catholic High School,96.98,K-12
,,Woodbury,5877,Sergeant Bluff-Luton Senior High School,92.09,K-12
,,Woodbury,6039,Leeds Elementary School,96.21,K-12
,,Woodbury,6039,Loess Hills Elementary,94.66,K-12
,,Woodbury,6039,Liberty Elementary School,94.39,K-12
,,Woodbury,6039,Perry Creek Elementary School,95.94,K-12
,,Woodbury,6039,Spalding Park Elementary,96.28,K-12
,,Woodbury,6039,Morningside Elementary,96.5,K-12
,,Woodbury,6039,Irving Elementary School-Sioux City,95.63,K-12
,,Woodbury,6039,West Middle School,94.89,K-12
,,Woodbury,6039,East Middle School,95.14,K-12
,,Woodbury,6039,North Middle School,97.61,K-12
,,Woodbury,6039,West High School-Sioux City,97.11,K-12
,,Woodbury,6039,East High School-Sioux City,95.1,K-12
,,Woodbury,6039,North High School-Sioux City,95.85,K-12
,,Worth,4772,Central Springs Elem. Manly Campus,100,K-12
,,Worth,4772,Central Springs High School,97.01,K-12
,,Worth,4788,Northwood-Kensett Elementary,96.37,K-12
,,Worth,4788,Northwood Kensett Middle/High School,96.13,K-12
,,Wright,1206,Clarion-Goldfield-Dows MS,96.57,K-12
,,Wright,1944,Robert Blue School,98.23,K-12
,,Wright,1206,Clarion-Goldfield-Dows HS,93.67,K-12
,,Wright,1944,Eagle Grove High School,96.23,K-12
,,Wright,594,Belmond-Klemme Community Jr-Sr High School,96.28,K-12
,,Wright,594,Richard O. Jacobson Elementary School,95.74,K-12
,,Wright,1944,Eagle Grove Elementary,93.92,K-12
,,Wright,1206,Clarion-Goldfield-Dows Elementary School,94,K-12
